company_name,company_img,,,
SpotMe,https://s3.amazonaws.com/photos.angel.co/startups/i/169960-6ef37e21fc7915adb3f643bfaa29ad49-medium_jpg.jpg?buster=1386691859,,,
Skillbridge,https://s3.amazonaws.com/photos.angel.co/startups/i/237681-1ec4f0ec6175437be12fa9cb2530083a-medium_jpg.jpg?buster=1374500890,,,
Juristat,https://s3.amazonaws.com/photos.angel.co/startups/i/152767-2554c04ada1bc4227a70e3c4ff95f9a4-medium_jpg.jpg?buster=1388733026,,,
Symvato,https://s3.amazonaws.com/photos.angel.co/startups/i/274680-0277f7d284b0e2460cedbab2de1298d3-medium_jpg.jpg?buster=1380768289,,,
Donde,https://s3.amazonaws.com/photos.angel.co/startups/i/147704-a58633aff21da1a54a54a758faa60858-medium_jpg.jpg?buster=1369688503,,,
Openbay,https://s3.amazonaws.com/photos.angel.co/startups/i/183516-d5c895e8d7a747c152988005fb4c9535-medium_jpg.jpg?buster=1375155661,,,
Koemei,https://s3.amazonaws.com/photos.angel.co/startups/i/26160-b9c782e3f3a42589a1103d51b2bfb115-medium_jpg.jpg?buster=1367277060,,,
OpenCare,https://s3.amazonaws.com/photos.angel.co/startups/i/175143-cfdfbf2d387c555b0c02953217a03995-medium_jpg.jpg?buster=1361929856,,,
CredSimple,https://s3.amazonaws.com/photos.angel.co/startups/i/177917-10e20afc1abc8f49be471c00cf62c183-medium_jpg.jpg?buster=1377616467,,,
Communities for Cause,https://s3.amazonaws.com/photos.angel.co/startups/i/84886-2781149711d24d8787d44ce424871ab1-medium_jpg.jpg?buster=1335119873,,,
Widow Games,https://s3.amazonaws.com/photos.angel.co/startups/i/183314-000db3f0870dcaf378d18a1eb5c6101c-medium_jpg.jpg?buster=1366604077,,,
IM5,https://s3.amazonaws.com/photos.angel.co/startups/i/256799-2db7c6bea661759372f1b9ee02f01a6b-medium_jpg.jpg?buster=1386892172,,,
Priceonomics,https://s3.amazonaws.com/photos.angel.co/startups/i/69763-e7410c45bbcb227cf1135a5233dd1f48-medium_jpg.jpg?buster=1329340748,,,
ProductGram,http://s3.amazonaws.com/crunchbase_prod_assets/assets/images/resized/0027/8889/278889v2-max-250x250.png,,,
Credii,https://s3.amazonaws.com/photos.angel.co/startups/i/79849-413ad5653fab52936f00fc794f80e87b-medium_jpg.jpg?buster=1367611349,,,
Dealflicks,https://s3.amazonaws.com/photos.angel.co/startups/i/104489-5c33c1bd720e824325829cdfae3d7a0a-medium_jpg.jpg?buster=1364498133,,,
Provender,https://s3.amazonaws.com/photos.angel.co/startups/i/165451-dc934d5c33a1ae0ee4be64065ca8fa93-medium_jpg.jpg?buster=1377232850,,,
Fligoo,https://s3.amazonaws.com/photos.angel.co/startups/i/136082-d043e8c7827d4358df37bfd96930e2ac-medium_jpg.jpg?buster=1352472464,,,
Padlet,https://s3.amazonaws.com/photos.angel.co/startups/i/122888-c0185cba7b5ee8da079ab8750c1e3354-medium_jpg.jpg?buster=1363572174,,,
PriceBaba,https://s3.amazonaws.com/photos.angel.co/startups/i/127729-48f67c4c80a3392ea479dc51e8d622e4-medium_jpg.jpg?buster=1363168295,,,
Binpress,https://s3.amazonaws.com/photos.angel.co/startups/i/2506-17a6c09b67f0688ce06075ad07737abf-medium_jpg.jpg?buster=1315741242,,,
Admittedly,https://s3.amazonaws.com/photos.angel.co/startups/i/201124-263624a9e5dee4e795192c8b907cf32a-medium_jpg.jpg?buster=1376109140,,,
Nutmeg Education,https://s3.amazonaws.com/photos.angel.co/startups/i/132461-eed6b158a73ee10b6ac9845a7be767d5-medium_jpg.jpg?buster=1352739270,,,
Reaction,https://s3.amazonaws.com/photos.angel.co/startups/i/26909-78e22fa17a2479c281e7be09310ccc9f-medium_jpg.jpg?buster=1323291433,,,
Earbits,https://s3.amazonaws.com/photos.angel.co/startups/i/517-c81b058ce0da2b97b1e09d00cc04c0dd-medium_jpg.jpg?buster=1315770890,,,
Compilr,https://s3.amazonaws.com/photos.angel.co/startups/i/27994-626af8e2e8f84e42638e668103f4ad42-medium_jpg.jpg?buster=1320777396,,,
Custora,https://s3.amazonaws.com/photos.angel.co/startups/i/55899-5d76c573ac1c19359d71a7be8cc4fd7a-medium_jpg.jpg?buster=1326862729,,,
Culture Kitchen,https://s3.amazonaws.com/photos.angel.co/startups/i/20520-07dee92b6d4b3bf12bad105d7c06cfcf-medium_jpg.jpg?buster=1315733213,,,
Pipette,https://s3.amazonaws.com/photos.angel.co/startups/i/31740-4b996faeb295834ce426465c1c9b355a-medium_jpg.jpg?buster=1326328538,,,
Inhabi,https://s3.amazonaws.com/photos.angel.co/startups/i/21481-9dc7d07f514a7fc2fe98949a79749cd8-medium_jpg.jpg?buster=1315732136,,,
Murfie,https://s3.amazonaws.com/photos.angel.co/startups/i/26432-70514b3ebba99aaab36557da0ae447b8-medium_jpg.jpg?buster=1318908773,,,
Canary Calendar,https://s3.amazonaws.com/photos.angel.co/startups/i/90464-d51767e34ac1754344a4711a8a2e5486-medium_jpg.jpg?buster=1379962387,,,
GoChime,https://s3.amazonaws.com/photos.angel.co/startups/i/72109-de779fee211524578236a758b462c187-medium_jpg.jpg?buster=1345045637,,,
Campalyst,https://s3.amazonaws.com/photos.angel.co/startups/i/23745-4a4510fc507b210706401eda30e3ff3f-medium_jpg.jpg?buster=1328524379,,,
Fileboard,https://s3.amazonaws.com/photos.angel.co/startups/i/2752-096b6a43678e0dc41937ef1cd1d6ee2b-medium_jpg.jpg?buster=1326831115,,,
Fieldwire,https://s3.amazonaws.com/photos.angel.co/startups/i/27490-b8cb93e8d497683a2dea3387f8ca1c7b-medium_jpg.jpg?buster=1389403411,,,
Docphin,https://s3.amazonaws.com/photos.angel.co/startups/i/27231-96b2add821dc918284081dde71a3e8c3-medium_jpg.jpg?buster=1362667003,,,
REPP,https://s3.amazonaws.com/photos.angel.co/startups/i/118057-0d9398b9ca4273113e2cea5b605acd35-medium_jpg.jpg?buster=1346171766,,,
Yardsale,https://s3.amazonaws.com/photos.angel.co/startups/i/52073-67f1b16fb4bc77facee8f73919e9c113-medium_jpg.jpg?buster=1344909922,,,
Snapjoy,https://s3.amazonaws.com/photos.angel.co/startups/i/53145-e30a9adbf809000def7e3955038a952f-medium_jpg.jpg?buster=1349165643,,,
Lively,https://s3.amazonaws.com/photos.angel.co/startups/i/265823-41ea88382406950211bde0468f9bc71f-medium_jpg.jpg?buster=1379426530,,,
Sverve,https://s3.amazonaws.com/photos.angel.co/startups/i/67109-bf761fc225067d936f20eb5e460405b0-medium_jpg.jpg?buster=1357343586,,,
LetsWombat,https://s3.amazonaws.com/photos.angel.co/startups/i/80437-78f183909f2a7f49a6a56040d7165830-medium_jpg.jpg?buster=1333460553,,,
Wizpert,https://s3.amazonaws.com/photos.angel.co/startups/i/88026-96d5897c1ba0e4ae0ce1190d876c0da8-medium_jpg.jpg?buster=1340128130,,,
Pictorious,https://s3.amazonaws.com/photos.angel.co/startups/i/50801-d866fdb1309e32a3518236ca981a0285-medium_jpg.jpg?buster=1366907387,,,
CitalDoc,https://s3.amazonaws.com/photos.angel.co/startups/i/124027-25569b390f2549450cce8e304d700490-medium_jpg.jpg?buster=1348080293,,,
Pharmly,https://s3.amazonaws.com/photos.angel.co/startups/i/206333-0b0761fda568caebe78afe9be0bab496-medium_jpg.jpg?buster=1368753258,,,
Shoplins,https://s3.amazonaws.com/photos.angel.co/startups/i/24929-8a033858b8942e940803f3be764e19b0-medium_jpg.jpg?buster=1373864521,,,
Starbates,https://s3.amazonaws.com/photos.angel.co/startups/i/30579-871a8b2df22d2725debda5612f7b5ae1-medium_jpg.jpg?buster=1332786451,,,
Tred,https://s3.amazonaws.com/photos.angel.co/startups/i/96232-a62f170a008bd39cc865fe6af8e5c6c6-medium_jpg.jpg?buster=1339265125,,,
Poq Studio,https://s3.amazonaws.com/photos.angel.co/startups/i/26842-5852b4f71fcce29de8e66a188ea43ea1-medium_jpg.jpg?buster=1360768538,,,
ViFlux,https://s3.amazonaws.com/photos.angel.co/startups/i/77959-ce33b7b8a923fdf19fe5ebd3f875893b-medium_jpg.jpg?buster=1332473988,,,
WooWho,https://s3.amazonaws.com/photos.angel.co/startups/i/127700-734ff184e2460aeadc9980291c62f6fc-medium_jpg.jpg?buster=1349367487,,,
SERPs,https://s3.amazonaws.com/photos.angel.co/startups/i/75082-ab36287d701df07187f43e55c2aa812e-medium_jpg.jpg?buster=1340685496,,,
The Whoot,https://s3.amazonaws.com/photos.angel.co/startups/i/69488-d2ed5d8895738994671faf5cad6aab6a-medium_jpg.jpg?buster=1329257642,,,
ClrTouch,https://s3.amazonaws.com/photos.angel.co/startups/i/534-6eb1fc35e8cc6e7b4998b647bf98602c-medium_jpg.jpg?buster=1317234126,,,
CloudMine,https://s3.amazonaws.com/photos.angel.co/startups/i/23864-5e0b5bdad383d9606dabcf6f349629eb-medium_jpg.jpg?buster=1315729435,,,
N4MD,https://s3.amazonaws.com/photos.angel.co/startups/i/29795-09a6e9551a9760fcde84ad3dc06caf26-medium_jpg.jpg?buster=1323128557,,,
Farmeron,https://s3.amazonaws.com/photos.angel.co/startups/i/16828-e05efbe009824a918d915f5747dc61d2-medium_jpg.jpg?buster=1359202089,,,
The Tap Lab,https://s3.amazonaws.com/photos.angel.co/startups/i/22588-2bd0df58a5a592bad839511ff15e482a-medium_jpg.jpg?buster=1315730922,,,
Mineful,https://s3.amazonaws.com/photos.angel.co/startups/i/2430-e736414a8ff70a197213735282188e42-medium_jpg.jpg?buster=1317956617,,,
Leaky,https://s3.amazonaws.com/photos.angel.co/startups/i/81396-8aecdd0ff159ebb949ea7e3ce93da24f-medium_jpg.jpg?buster=1361901288,,,
t-Art,https://s3.amazonaws.com/photos.angel.co/startups/i/77906-f8951a489864459b93126c268c64457e-medium_jpg.jpg?buster=1332455469,,,
Gliph,https://s3.amazonaws.com/photos.angel.co/startups/i/93705-4a6a2b224a787338f18fde469800be59-medium_jpg.jpg?buster=1338304870,,,
Aurality,https://s3.amazonaws.com/photos.angel.co/startups/i/28430-748467a2298c49b565591a405c6b721d-medium_jpg.jpg?buster=1321626152,,,
ooomf,https://s3.amazonaws.com/photos.angel.co/startups/i/65467-4b3e46561abf4c2727186ffb1aec54cf-medium_jpg.jpg?buster=1365448587,,,
Fontacto,https://s3.amazonaws.com/photos.angel.co/startups/i/65640-9470fcc8599592146011009754e6de96-medium_jpg.jpg?buster=1335251328,,,
Sitesimon,https://s3.amazonaws.com/photos.angel.co/startups/i/24500-034b8352d427c371433407007fd10bd8-medium_jpg.jpg?buster=1336621519,,,
Homeschool Snowboarding,https://s3.amazonaws.com/photos.angel.co/startups/i/97091-edd5402819e1137c01beb2e1852ddaf4-medium_jpg.jpg?buster=1344630790,,,
Hively,https://s3.amazonaws.com/photos.angel.co/startups/i/23707-6102ccf82894e3d9337eb766a43ca1c5-medium_jpg.jpg?buster=1315729600,,,
LaunchSide,https://s3.amazonaws.com/photos.angel.co/startups/i/24566-8c30bb851edb273801a9fad0499f7138-medium_jpg.jpg?buster=1354413392,,,
UsherBuddy,https://s3.amazonaws.com/photos.angel.co/startups/i/22891-dec947fa337ea1870c1869498b0afb0c-medium_jpg.jpg?buster=1315730561,,,
GroovinAds,https://s3.amazonaws.com/photos.angel.co/startups/i/25439-8d43172e7f83b8d07eab7e7f92251877-medium_jpg.jpg?buster=1317412941,,,
MoPix,https://s3.amazonaws.com/photos.angel.co/startups/i/25717-37d1a066f22ea3bbe946de06e60d8ba5-medium_jpg.jpg?buster=1317857599,,,
BuildingLayer,http://s3.amazonaws.com/crunchbase_prod_assets/assets/images/resized/0015/4984/154984v2-max-250x250.png,,,
Vayable,https://s3.amazonaws.com/photos.angel.co/startups/i/2197-3983fe228b05d33a497de287388ed5ff-medium_jpg.jpg?buster=1377066532,,,
Campus Shift,http://s3.amazonaws.com/crunchbase_prod_assets/assets/images/resized/0018/0690/180690v7-max-250x250.jpg,,,
Bilbus,https://s3.amazonaws.com/photos.angel.co/startups/i/66785-e444fa8410389a36990b6172932d7fc2-medium_jpg.jpg?buster=1364473102,,,
Keepio,https://s3.amazonaws.com/photos.angel.co/startups/i/2443-78bd2de457c4d4bfcaf187aa22fb8ed8-medium_jpg.jpg?buster=1315741290,,,
Holvi,https://s3.amazonaws.com/photos.angel.co/startups/i/24023-0b29ff54359b776862af424058e13d3f-medium_jpg.jpg?buster=1315729234,,,
RentShare,https://s3.amazonaws.com/photos.angel.co/startups/i/26350-1d0b52fb04286b62d34f9bb6fc39136f-medium_jpg.jpg?buster=1318906596,,,
Rewardli,https://s3.amazonaws.com/photos.angel.co/startups/i/13076-4e76e02bc2e41262687371546476268e-medium_jpg.jpg?buster=1349033401,,,
Nutrino,http://s3.amazonaws.com/crunchbase_prod_assets/assets/images/resized/0022/3748/223748v4-max-250x250.png,,,
MFive Labs (Listn),http://s3.amazonaws.com/crunchbase_prod_assets/assets/images/resized/0024/1446/241446v4-max-250x250.png,,,
Badgy,http://s3.amazonaws.com/crunchbase_prod_assets/assets/images/resized/0019/9691/199691v2-max-250x250.png,,,
BuzzTable,https://s3.amazonaws.com/photos.angel.co/startups/i/24727-a839f4480be495b16575d33cd8a6e1fb-medium_jpg.jpg?buster=1334597502,,,
iMedicare,https://s3.amazonaws.com/photos.angel.co/startups/i/132704-709d60a05a9e9fff08228dbf06c92f81-medium_jpg.jpg?buster=1385139643,,,
RadPad,https://s3.amazonaws.com/photos.angel.co/startups/i/118378-2af8b580f8eca61f987c4b4cbb7946a8-medium_jpg.jpg?buster=1358407867,,,
DataRank,https://s3.amazonaws.com/photos.angel.co/startups/i/25092-b998e56479a0cb2bd28c8c3f6dab4c2c-medium_jpg.jpg?buster=1373300015,,,
Sush.io,https://s3.amazonaws.com/photos.angel.co/startups/i/30384-0b6c1464881e03a3475d993b925d0bd3-medium_jpg.jpg?buster=1382650719,,,
Memetales,https://s3.amazonaws.com/photos.angel.co/startups/i/21821-603d1bb6854b0f41e69d5261d440ed71-medium_jpg.jpg?buster=1315731743,,,
HighScore House,https://s3.amazonaws.com/photos.angel.co/startups/i/22458-7e2f67fedcdb8c6bb18fdb23996cff7b-medium_jpg.jpg?buster=1318450299,,,
PageLever,https://s3.amazonaws.com/photos.angel.co/startups/i/24541-75931a8296c162813019d3bb216eaefc-medium_jpg.jpg?buster=1321347593,,,
Zagster,https://s3.amazonaws.com/photos.angel.co/startups/i/1856-ff0ac5c965036f975451d39a8cce15d0-medium_jpg.jpg?buster=1334276133,,,
iCouch,https://s3.amazonaws.com/photos.angel.co/startups/i/7433-64ddc52ba5a2c99c749054a8696b4548-medium_jpg.jpg?buster=1330641506,,,
Populy Games,https://s3.amazonaws.com/photos.angel.co/startups/i/120630-2a64e0c963e94c06b7a0f1ae6329a09c-medium_jpg.jpg?buster=1348165498,,,
Sessions,https://s3.amazonaws.com/photos.angel.co/startups/i/85456-f3f28afb989d5139a75ce0a6287644e4-medium_jpg.jpg?buster=1335285481,,,
Corengi,https://s3.amazonaws.com/photos.angel.co/startups/i/24199-ce4f9d6f5b24b21ecaf2485d126ccf34-medium_jpg.jpg?buster=1341271147,,,
LocalBonus,https://s3.amazonaws.com/photos.angel.co/startups/i/22123-e8ae2138b2f4254613387f827b655c0e-medium_jpg.jpg?buster=1335232676,,,
Gizmo.com,https://s3.amazonaws.com/photos.angel.co/startups/i/10310-e12aeccfa4877f9716f3483fa84fc38a-medium_jpg.jpg?buster=1316500452,,,
MobileWorks,https://s3.amazonaws.com/photos.angel.co/startups/i/62150-08b544eef4333560f3df9b6dfefe3614-medium_jpg.jpg?buster=1372489108,,,
Noom,https://s3.amazonaws.com/photos.angel.co/startups/i/109072-acb40e7bde18a6c02f67e07fe4b621d9-medium_jpg.jpg?buster=1354000054,,,
Stamplay,https://s3.amazonaws.com/photos.angel.co/startups/i/149925-bdaaff8c1aa594119bec495439fa6aae-medium_jpg.jpg?buster=1382960995,,,
coUrbanize,https://s3.amazonaws.com/photos.angel.co/startups/i/198978-beabb4325974c24576ee9f0f89badf93-medium_jpg.jpg?buster=1379699424,,,
ZoomTilt,https://s3.amazonaws.com/photos.angel.co/startups/i/70346-b8efca476498bba499991ac1f59507b4-medium_jpg.jpg?buster=1352132601,,,
Shopsy,https://s3.amazonaws.com/photos.angel.co/startups/i/21594-afc9535734c311e7c511fd77e44ccb06-medium_jpg.jpg?buster=1334359468,,,
Recroup,https://s3.amazonaws.com/photos.angel.co/startups/i/174817-3ee26e779ad6fe8f92cd2fa787373c91-medium_jpg.jpg?buster=1376664473,,,
MiCarga,https://s3.amazonaws.com/photos.angel.co/startups/i/76317-6c4ec9d2b4964313990fed27f8926cf3-medium_jpg.jpg?buster=1377300470,,,
BitGym,https://s3.amazonaws.com/photos.angel.co/startups/i/21516-02f6e54ee8bc4e9e7acc4fac774c0486-medium_jpg.jpg?buster=1388255284,,,
Nveloped,https://s3.amazonaws.com/photos.angel.co/startups/i/31196-3d20b54b15cf64a991164c8b55fcd1fe-medium_jpg.jpg?buster=1358950974,,,
Leanplum,https://s3.amazonaws.com/photos.angel.co/startups/i/134201-56e24e0584e0de406d8ce6965cb3f65a-medium_jpg.jpg?buster=1352167227,,,
Psykosoft,https://s3.amazonaws.com/photos.angel.co/startups/i/1566-5340a51c78781f8ef2bb8a0a83061275-medium_jpg.jpg?buster=1381832532,,,
Properati,https://s3.amazonaws.com/photos.angel.co/startups/i/144469-cee7bc432edb02b87508b9120b6fba86-medium_jpg.jpg?buster=1354803475,,,
Neurala,https://s3.amazonaws.com/photos.angel.co/startups/i/136219-e6edc37bb162e0dc5ecb7629435010e0-medium_jpg.jpg?buster=1352511607,,,
DoorDash,https://s3.amazonaws.com/photos.angel.co/startups/i/271485-0323baf5a3b7d6dc76ab970febe7bcbf-medium_jpg.jpg?buster=1380914140,,,
SocStock,https://s3.amazonaws.com/photos.angel.co/startups/i/29772-1a48a19a3ba5ff9c2ac94132904b2707-medium_jpg.jpg?buster=1323205242,,,
Motion Dispatch,https://s3.amazonaws.com/photos.angel.co/startups/i/74505-de0b8e2869671822b6be75c9457e70c9-medium_jpg.jpg?buster=1339719790,,,
Invested.in,https://s3.amazonaws.com/photos.angel.co/startups/i/20326-b9cba17a8e46cb85ec1307972afdbf1d-medium_jpg.jpg?buster=1315733428,,,
Rentlord,https://s3.amazonaws.com/photos.angel.co/startups/i/22038-7f02b45447acfbb57c6463dccfab426f-medium_jpg.jpg?buster=1315731510,,,
adFreeq,https://s3.amazonaws.com/photos.angel.co/startups/i/72308-42d297d85e8bec8b3df601f7ffd60793-medium_jpg.jpg?buster=1382146984,,,
Glassmap,https://s3.amazonaws.com/photos.angel.co/startups/i/130560-3496c6c0d9952f25053e791a2ee7b3cd-medium_jpg.jpg?buster=1350499124,,,
VONTRIP,https://s3.amazonaws.com/photos.angel.co/startups/i/185760-199ee97a2ccd48586ca0c40f5a0c4e04-medium_jpg.jpg?buster=1363880145,,,
Eventcheq,https://s3.amazonaws.com/photos.angel.co/startups/i/122060-52777b07dfcc4ceb7b05cca1b7b0a310-medium_jpg.jpg?buster=1359782469,,,
TheFanLeague,https://s3.amazonaws.com/photos.angel.co/startups/i/183002-cdb07c3060d13861f980d9898290ab9f-medium_jpg.jpg?buster=1370789378,,,
Tealet,https://s3.amazonaws.com/photos.angel.co/startups/i/103572-ec3e04c720fa8a229916db49b320207d-medium_jpg.jpg?buster=1368210776,,,
GroupTalent,https://s3.amazonaws.com/photos.angel.co/startups/i/10908-efff23e7f635cc4563f111956aecd268-medium_jpg.jpg?buster=1338532935,,,
Transit App,https://s3.amazonaws.com/photos.angel.co/startups/i/156318-73ea4421ed47741248c97b1d8e4203ca-medium_jpg.jpg?buster=1358220585,,,
Now In Store,https://s3.amazonaws.com/photos.angel.co/startups/i/156266-568ee59c49e1b0e3dd4b9782b09bbab3-medium_jpg.jpg?buster=1390853815,,,
Swift Identity,https://s3.amazonaws.com/photos.angel.co/startups/i/159332-5c1f6500ad6caac8b6690b5bb712dbd5-medium_jpg.jpg?buster=1390871098,,,
LookUP,https://s3.amazonaws.com/photos.angel.co/startups/i/74473-e7b92312588e2dc31159a4c1aa2d694f-medium_jpg.jpg?buster=1335366947,,,
femeninas,https://s3.amazonaws.com/photos.angel.co/startups/i/127726-4709d3fcbad5db0e711823528fc26879-medium_jpg.jpg?buster=1358572561,,,
Blossom,https://s3.amazonaws.com/photos.angel.co/startups/i/21905-8e337c624718413d560b041132a30cc3-medium_jpg.jpg?buster=1347615141,,,
Ordr.in,https://s3.amazonaws.com/photos.angel.co/startups/i/48212-a87853fcb26e1646bf7de4f3488790c0-medium_jpg.jpg?buster=1326855812,,,
Fitocracy,https://s3.amazonaws.com/photos.angel.co/startups/i/18937-25d96605a57406758a0f9cbe39b8ecda-medium_jpg.jpg?buster=1333476070,,,
Bombfell,https://s3.amazonaws.com/photos.angel.co/startups/i/80314-6e8a59e9050370ccae85207c6fb3f3d5-medium_jpg.jpg?buster=1362689058,,,
Qwiqq,https://s3.amazonaws.com/photos.angel.co/startups/i/79811-af14789c199890f6be03453e3c329068-medium_jpg.jpg?buster=1333339565,,,
BugHerd,https://s3.amazonaws.com/photos.angel.co/startups/i/4081-ae884ce4ca1e15ab260208274c921448-medium_jpg.jpg?buster=1315739987,,,
Promoboxx,https://s3.amazonaws.com/photos.angel.co/startups/i/20917-61f3c94585eaa6721ea826b20831f18e-medium_jpg.jpg?buster=1333470560,,,
iCracked,https://s3.amazonaws.com/photos.angel.co/startups/i/79259-04f6ff52ae8799ba2721cf1a6f7df88f-medium_jpg.jpg?buster=1376930863,,,
Nitrogram,https://s3.amazonaws.com/photos.angel.co/startups/i/31646-fe91f1caed14d9d9044dadd971fea83e-medium_jpg.jpg?buster=1366278407,,,
Click With Me Now,https://s3.amazonaws.com/photos.angel.co/startups/i/89696-035fcf299187f2fcebe27def7a27a4aa-medium_jpg.jpg?buster=1345334357,,,
Urtak,http://s3.amazonaws.com/crunchbase_prod_assets/assets/images/resized/0008/6920/86920v4-max-250x250.jpg,,,
Mobilligy,https://s3.amazonaws.com/photos.angel.co/startups/i/154369-4b285b547540c839f8748ca8e27c05bb-medium_jpg.jpg?buster=1390951722,,,
ChickRx,https://s3.amazonaws.com/photos.angel.co/startups/i/61743-de593b08494fcc62e698af37cbfb540b-medium_jpg.jpg?buster=1339455050,,,
Twitmusic,https://s3.amazonaws.com/photos.angel.co/startups/i/30459-6cef9b507535b7d33a02bd624fd3f328-medium_jpg.jpg?buster=1324147309,,,
Harry's,https://s3.amazonaws.com/photos.angel.co/startups/i/183969-09f830ee9affb3cb791de79cf9c8042a-medium_jpg.jpg?buster=1377788352,,,
Thryve,https://s3.amazonaws.com/photos.angel.co/startups/i/102844-bc22cac4f12bb06ff24efe001880db5a-medium_jpg.jpg?buster=1341697808,,,
Thumbs Up,https://s3.amazonaws.com/photos.angel.co/startups/i/78686-e60009eae00d9b3f12bcd1d34192eb25-medium_jpg.jpg?buster=1334596606,,,
Antavo,https://s3.amazonaws.com/photos.angel.co/startups/i/95597-9550bc09664882cb7f7e7e09750aef67-medium_jpg.jpg?buster=1338981637,,,
Grassroots Unwired,https://s3.amazonaws.com/photos.angel.co/startups/i/14397-c7e231d19cbe579ddeab7eadddf117b0-medium_jpg.jpg?buster=1325097129,,,
Libboo,https://s3.amazonaws.com/photos.angel.co/startups/i/20011-0ee8693fc068383f839855627f81bb0d-medium_jpg.jpg?buster=1377008671,,,
Ubersense,https://s3.amazonaws.com/photos.angel.co/startups/i/61263-e9ec1c802aad05d2f16af5ca20352bc0-medium_jpg.jpg?buster=1388667765,,,
Zeppelin,https://s3.amazonaws.com/photos.angel.co/startups/i/27096-3fb63509c13f4b5f078dcc5d4386083c-medium_jpg.jpg?buster=1382989370,,,
Outline,https://s3.amazonaws.com/photos.angel.co/startups/i/144353-16c48b6994435bbb19c1396ade9e3c86-medium_jpg.jpg?buster=1378672758,,,
Nommunity,https://s3.amazonaws.com/photos.angel.co/startups/i/79887-44723985820657343315618b91b487fd-medium_jpg.jpg?buster=1337635472,,,
Atticous,https://s3.amazonaws.com/photos.angel.co/startups/i/30668-6775669a27e4282b18db636f769ca707-medium_jpg.jpg?buster=1324478370,,,
Mind FactoryAR,https://s3.amazonaws.com/photos.angel.co/startups/i/77921-5bb25088d47a1326b67200bbeeee3684-medium_jpg.jpg?buster=1345144275,,,
Teliportme,https://s3.amazonaws.com/photos.angel.co/startups/i/817-56d463b7c815caffef1a4e15c5e82d2c-medium_jpg.jpg?buster=1379708382,,,
Evisors,https://s3.amazonaws.com/photos.angel.co/startups/i/1326-aa983ac53ae6eb6bb9484aee98661b39-medium_jpg.jpg?buster=1359628698,,,
numberFire,https://s3.amazonaws.com/photos.angel.co/startups/i/24642-590c299336910705fd2702fa7ede6423-medium_jpg.jpg?buster=1316534313,,,
ShuttleCloud,https://s3.amazonaws.com/photos.angel.co/startups/i/26683-f7b966daeea19f2c8628b06cb8f38e16-medium_jpg.jpg?buster=1337791270,,,
Bazaart,https://s3.amazonaws.com/photos.angel.co/startups/i/85981-377f49815c24640394cfccffdb6add8e-medium_jpg.jpg?buster=1386854859,,,
Saborstudio,https://s3.amazonaws.com/photos.angel.co/startups/i/28409-6cedff56049ef84e2afbf0aeff6f4458-medium_jpg.jpg?buster=1326266338,,,
HazelMail,https://s3.amazonaws.com/photos.angel.co/startups/i/121258-1a40899c1d6d7244de4e5875f8682688-medium_jpg.jpg?buster=1347311499,,,
Presstler,https://s3.amazonaws.com/photos.angel.co/startups/i/79808-353ba1b6c0284c8393b8b9d3ed32a6cb-medium_jpg.jpg?buster=1333171637,,,
WoowUp,https://s3.amazonaws.com/photos.angel.co/startups/i/248354-31180d432aeedee4dce25d02a29acba8-medium_jpg.jpg?buster=1376314905,,,
Attender,https://s3.amazonaws.com/photos.angel.co/startups/i/121281-ac3b626c680072aa2a6fb88d919c6f41-medium_jpg.jpg?buster=1383522566,,,
Kwelia,https://s3.amazonaws.com/photos.angel.co/startups/i/30009-91296f026a767411616e9196b8580c0d-medium_jpg.jpg?buster=1323384800,,,
PublicStuff,https://s3.amazonaws.com/photos.angel.co/startups/i/24837-0cccd0e5c6ec6bdb50010ca6dd6bd091-medium_jpg.jpg?buster=1316636910,,,
Statwing,https://s3.amazonaws.com/photos.angel.co/startups/i/114180-a8d5c65e9cb986eb5ffbb96ebe0baa19-medium_jpg.jpg?buster=1361386791,,,
Zerply,https://s3.amazonaws.com/photos.angel.co/startups/i/4374-df5b10e633190f7d980ca47f58b93d2b-medium_jpg.jpg?buster=1329448654,,,
CashBet,https://s3.amazonaws.com/photos.angel.co/startups/i/202325-1a10f1081ba2d9b73e864c988f0af015-medium_jpg.jpg?buster=1387408515,,,
CrowdHall,https://s3.amazonaws.com/photos.angel.co/startups/i/106395-eab36012154b2ce52f01e500f03ebb22-medium_jpg.jpg?buster=1348858964,,,
121nexus,https://s3.amazonaws.com/photos.angel.co/startups/i/82334-3c143dd8754f6bc6d524347abdce9537-medium_jpg.jpg?buster=1334106111,,,
Off Track Planet,https://s3.amazonaws.com/photos.angel.co/startups/i/3138-563cf7c4ceb51575c0995f5cf83cc82f-medium_jpg.jpg?buster=1362149954,,,
Flipaste,https://s3.amazonaws.com/photos.angel.co/startups/i/124037-2551a9298ed68f4498eb7d19f24550ac-medium_jpg.jpg?buster=1348675701,,,
Bespoke Post,https://s3.amazonaws.com/photos.angel.co/startups/i/24738-af0aeb7bef5f0e295036b9a17db4a36a-medium_jpg.jpg?buster=1365454370,,,
Reclip.It,https://s3.amazonaws.com/photos.angel.co/startups/i/79796-33a928aed42530155e04cc256f8ae6b0-medium_jpg.jpg?buster=1340602045,,,
Preact,https://s3.amazonaws.com/photos.angel.co/startups/i/121558-cc28a1678e8c208ea6e2b5359aff33dc-medium_jpg.jpg?buster=1362630258,,,
Kippt,https://s3.amazonaws.com/photos.angel.co/startups/i/58059-a50effb231719ad36b3e237d8b925ff2-medium_jpg.jpg?buster=1345425221,,,
Sproutel,https://s3.amazonaws.com/photos.angel.co/startups/i/82170-4055bb69a754968a9e5cfc908ca02b18-medium_jpg.jpg?buster=1334717112,,,
Ninua,https://s3.amazonaws.com/photos.angel.co/startups/i/13097-bab2877df2e45ef39a006dca8b3dccb7-medium_jpg.jpg?buster=1374098877,,,
Learnmetrics,https://s3.amazonaws.com/photos.angel.co/startups/i/147045-4c00771b88c789f23a7f4ef0f98b9470-medium_jpg.jpg?buster=1382728338,,,
Dropifi,https://s3.amazonaws.com/photos.angel.co/startups/i/195195-8779ed1f90800fd80c5aa3c9b536b8c7-medium_jpg.jpg?buster=1366391565,,,
Where My Dogs At,https://s3.amazonaws.com/photos.angel.co/startups/i/100071-fdc03a0e01b30adb391a642003d9a846-medium_jpg.jpg?buster=1384995661,,,
Moodyo,https://s3.amazonaws.com/photos.angel.co/startups/i/120914-66e2c08f8601f318b49c997668454372-medium_jpg.jpg?buster=1359979737,,,
CumuLogic,http://s3.amazonaws.com/crunchbase_prod_assets/assets/images/resized/0021/1282/211282v1-max-250x250.jpg,,,
Everypost,https://s3.amazonaws.com/photos.angel.co/startups/i/118506-a56c943da122551ca7f0a2ea25fa4636-medium_jpg.jpg?buster=1383199998,,,
Andtix,https://s3.amazonaws.com/photos.angel.co/startups/i/127773-99d895c11cce8c23ea5cf967c62490bf-medium_jpg.jpg?buster=1354122365,,,
Squabbler,https://s3.amazonaws.com/photos.angel.co/startups/i/27228-522a0d735f2660db5a7cad42c0357240-medium_jpg.jpg?buster=1344273702,,,
Dakwak,https://s3.amazonaws.com/photos.angel.co/startups/i/116466-ff1bed7962171d6e71e6092be44a4cc6-medium_jpg.jpg?buster=1345765124,,,
99dresses,https://s3.amazonaws.com/photos.angel.co/startups/i/79556-5a4f3f4fb122167726ee1c213ff7fec5-medium_jpg.jpg?buster=1383082439,,,
Zaranga,https://s3.amazonaws.com/photos.angel.co/startups/i/196627-375624599e0d2635bec791810b5ac5cc-medium_jpg.jpg?buster=1366184094,,,
BabyList,https://s3.amazonaws.com/photos.angel.co/startups/i/107217-c269224a8f820b030907178db115a537-medium_jpg.jpg?buster=1348265069,,,
ImpulseSave,https://s3.amazonaws.com/photos.angel.co/startups/i/77179-f2ded37fec31b1af9649642932c9b2e7-medium_jpg.jpg?buster=1352828904,,,
Spling,https://s3.amazonaws.com/photos.angel.co/startups/i/16533-ed9f194f457de6ca615826696fc03a82-medium_jpg.jpg?buster=1318019854,,,
1stdibs,https://s3.amazonaws.com/photos.angel.co/startups/i/156938-740ad2a3e7d4c7fb33075145fe5bad01-medium_jpg.jpg?buster=1381417252,,,
Cuponomia,https://s3.amazonaws.com/photos.angel.co/startups/i/127575-7c44c823a1a42431c4555767c7f26311-medium_jpg.jpg?buster=1351664363,,,
AnyCloud,https://s3.amazonaws.com/photos.angel.co/startups/i/64934-fdac10772be324472c237007eb2d9b5e-medium_jpg.jpg?buster=1370461333,,,
TinyTap,https://s3.amazonaws.com/photos.angel.co/startups/i/99407-9a6da72856341069bf190e47842c8fcf-medium_jpg.jpg?buster=1340565665,,,
FoodEssentials,https://s3.amazonaws.com/photos.angel.co/startups/i/31859-fb5ce1e26e7b60107c3e692776d412e2-medium_jpg.jpg?buster=1348226619,,,
Von Bismark,https://s3.amazonaws.com/photos.angel.co/startups/i/74497-2de2f10801c6b42a1a1b8b05f3e005cc-medium_jpg.jpg?buster=1331060700,,,
Tweetwall,https://s3.amazonaws.com/photos.angel.co/startups/i/358-c686a22f750e81ef433c0de44efc56f6-medium_jpg.jpg?buster=1390902577,,,
Iconfinder,https://s3.amazonaws.com/photos.angel.co/startups/i/1682-2fd0f78ff6dc884538d079b018d1d40a-medium_jpg.jpg?buster=1348518184,,,
AnyPerk,https://s3.amazonaws.com/photos.angel.co/startups/i/76533-501008e2cd9b79527c0e7b161cdfa142-medium_jpg.jpg?buster=1332268913,,,
Crunchbutton,https://s3.amazonaws.com/photos.angel.co/startups/i/78905-6b8e6d361d7e552efb967202eb01c0de-medium_jpg.jpg?buster=1381415829,,,
Scholrly,https://s3.amazonaws.com/photos.angel.co/startups/i/19017-aec125cc8bfe1d39adf2688792aa8935-medium_jpg.jpg?buster=1318875707,,,
Kuratur,https://s3.amazonaws.com/photos.angel.co/startups/i/64577-e3a274b4ea09ea4f084dcec4c9693aa3-medium_jpg.jpg?buster=1334279213,,,
Monogram,https://s3.amazonaws.com/photos.angel.co/startups/i/81433-4d55dd98692d7097e031cdbf7ec48f9b-medium_jpg.jpg?buster=1351786447,,,
Apptentive,https://s3.amazonaws.com/photos.angel.co/startups/i/21073-062438febb11c40ea1bd7255f1b58043-medium_jpg.jpg?buster=1344551153,,,
Plandree,https://s3.amazonaws.com/photos.angel.co/startups/i/96276-85d569d80caa92b1a90d7c0ed341f865-medium_jpg.jpg?buster=1355950569,,,
Hundo,http://s3.amazonaws.com/crunchbase_prod_assets/assets/images/resized/0025/1747/251747v9-max-250x250.png,,,
Rootless,http://s3.amazonaws.com/crunchbase_prod_assets/assets/images/resized/0022/2604/222604v2-max-250x250.png,,,
Gecko Health Innovation (GeckoCap),https://s3.amazonaws.com/photos.angel.co/startups/i/26692-d80429a1b7c2c5db932452cdaddd11c2-medium_jpg.jpg?buster=1360622233,,,
Qual Canal,https://s3.amazonaws.com/photos.angel.co/startups/i/127824-e99695ed223a5dbb08be5644ba56fed3-medium_jpg.jpg?buster=1381085328,,,
LaunchGram,https://s3.amazonaws.com/photos.angel.co/startups/i/66253-32a88e22b93ab5f02d6729acc88ff96e-medium_jpg.jpg?buster=1344895210,,,
Memebox,http://s3.amazonaws.com/crunchbase_prod_assets/assets/images/resized/0023/8664/238664v7-max-250x250.png,,,
StackSocial,https://s3.amazonaws.com/photos.angel.co/startups/i/68638-b43c6f1fab12783dff93702d1075c83d-medium_jpg.jpg?buster=1375559186,,,
EquityLancer,https://s3.amazonaws.com/photos.angel.co/startups/i/117901-3c3cbc72b82428168478fa8fff757372-medium_jpg.jpg?buster=1352501124,,,
PlanGrid,https://s3.amazonaws.com/photos.angel.co/startups/i/85839-99cae95d511098f375c6133e08167e03-medium_jpg.jpg?buster=1344459307,,,
Wideo,https://s3.amazonaws.com/photos.angel.co/startups/i/122262-44c995685c06fbce2ff58f95123176bf-medium_jpg.jpg?buster=1347589499,,,
Seevibes,https://s3.amazonaws.com/photos.angel.co/startups/i/16294-bab2212b474f0136566e97da73ec690c-medium_jpg.jpg?buster=1384803722,,,
Freshdesk,https://s3.amazonaws.com/photos.angel.co/startups/i/2473-2c38490d8e4c91660d86ff54ba5391ea-medium_jpg.jpg?buster=1359041713,,,
Cody,https://s3.amazonaws.com/photos.angel.co/startups/i/117039-9e44427a5a381a23f6193407484930a4-medium_jpg.jpg?buster=1381885172,,,
HealthRally,https://s3.amazonaws.com/photos.angel.co/startups/i/1787-a9208029d76e1ac8077ad75d52da13a0-medium_jpg.jpg?buster=1315770378,,,
Tapestry,https://s3.amazonaws.com/photos.angel.co/startups/i/167677-6c5a583276258a413235a755d7dcb227-medium_jpg.jpg?buster=1360640867,,,
Wikisway,https://s3.amazonaws.com/photos.angel.co/startups/i/128827-e051e08855983861cbfbbb08c7f8c874-medium_jpg.jpg?buster=1354647000,,,
ShutterCal,https://s3.amazonaws.com/photos.angel.co/startups/i/187950-a41796d3ce8c81010e3ed1f8a9c66e9c-medium_jpg.jpg?buster=1380501801,,,
SurpriseRide,https://s3.amazonaws.com/photos.angel.co/startups/i/137838-ee4907c4d0d007681c18050c2f37d7d4-medium_jpg.jpg?buster=1380298617,,,
TRData,https://s3.amazonaws.com/photos.angel.co/startups/i/112523-d7c42e12faa5d3253c782e75a36cfd44-medium_jpg.jpg?buster=1362245724,,,
100Plus,https://s3.amazonaws.com/photos.angel.co/startups/i/57905-cc85c11b038f461f30da7cb003be13b0-medium_jpg.jpg?buster=1344449841,,,
Mortar Data,http://s3.amazonaws.com/crunchbase_prod_assets/assets/images/resized/0018/9715/189715v2-max-250x250.png,,,
qunb,https://s3.amazonaws.com/photos.angel.co/startups/i/11393-6c14d76c96d0ce36ddd67e4ddebc512d-medium_jpg.jpg?buster=1369254128,,,
Dashbell,https://s3.amazonaws.com/photos.angel.co/startups/i/25306-b5023500f6f5b914819c74c3247b253a-medium_jpg.jpg?buster=1352049920,,,
BetterFit Technologies,https://s3.amazonaws.com/photos.angel.co/startups/i/134409-d765b01ac35b933a49298f1aeebc298a-medium_jpg.jpg?buster=1352760703,,,
Modulus,https://s3.amazonaws.com/photos.angel.co/startups/i/88547-f3730974e6ede2087553be3ca36161bb-medium_jpg.jpg?buster=1343658748,,,
One Inc.,https://s3.amazonaws.com/photos.angel.co/startups/i/41335-2fda85f7fc32a7d898a8210d2d926cf8-medium_jpg.jpg?buster=1326849895,,,
Happy Inspector,https://s3.amazonaws.com/photos.angel.co/startups/i/26179-5bbb6f18c318c61742e2aebf4260d1d9-medium_jpg.jpg?buster=1374139469,,,
Teamly,https://s3.amazonaws.com/photos.angel.co/startups/i/9434-327673b4b503fbd1bff38b62052163f9-medium_jpg.jpg?buster=1337302168,,,
Faraday,https://s3.amazonaws.com/photos.angel.co/startups/i/175701-a63ebd1b56a401e905963c64958204d4-medium_jpg.jpg?buster=1362011434,,,
ClassDojo,https://s3.amazonaws.com/photos.angel.co/startups/i/58369-82fb0e203e635f49c4feea9b956caa53-medium_jpg.jpg?buster=1347926854,,,
Splashscore,https://s3.amazonaws.com/photos.angel.co/startups/i/187199-8e5a4e21af81c9a7daa7ac29bd76baa4-medium_jpg.jpg?buster=1364231223,,,
docTrackr,https://s3.amazonaws.com/photos.angel.co/startups/i/95818-312d9745e906300234689d16cf3c2a93-medium_jpg.jpg?buster=1368980173,,,
Pact Fitness,http://s3.amazonaws.com/crunchbase_prod_assets/assets/images/resized/0016/9187/169187v5-max-250x250.png,,,
Zillabyte,https://s3.amazonaws.com/photos.angel.co/startups/i/80054-2cc9154b1981ce648f94db4697856d70-medium_jpg.jpg?buster=1333320374,,,
everbill,https://s3.amazonaws.com/photos.angel.co/startups/i/122643-647f4c35406e9d6e357488e6d1435fb5-medium_jpg.jpg?buster=1348982740,,,
FamilyLeaf,https://s3.amazonaws.com/photos.angel.co/startups/i/78224-5f59503bb281638f2da2832b0ddf76d2-medium_jpg.jpg?buster=1332756552,,,
FlyData,https://s3.amazonaws.com/photos.angel.co/startups/i/27216-b18bad9ad23fd743b01f4e305c21c277-medium_jpg.jpg?buster=1389746557,,,
MobileDevHQ,https://s3.amazonaws.com/photos.angel.co/startups/i/18138-95224a33892f520f8cf5afdfaccf3d7c-medium_jpg.jpg?buster=1352230336,,,
Socrative,https://s3.amazonaws.com/photos.angel.co/startups/i/119191-86cda434e1364f51aebd05c43c61ab43-medium_jpg.jpg?buster=1346639393,,,
DocASAP,https://s3.amazonaws.com/photos.angel.co/startups/i/42183-29a1cd272ec163cc7f78f18ba437918b-medium_jpg.jpg?buster=1334027987,,,
Validic,https://s3.amazonaws.com/photos.angel.co/startups/i/5744-6364b93a827fb3bd23f5452a5be2403d-medium_jpg.jpg?buster=1375969761,,,
LaunchRock,https://s3.amazonaws.com/photos.angel.co/startups/i/2917-b4380ef3be86f10bac24ecee8ee5f763-medium_jpg.jpg?buster=1355858971,,,
Sayduck,https://s3.amazonaws.com/photos.angel.co/startups/i/107821-01848bf6adaeda44f621f5a9b4915b56-medium_jpg.jpg?buster=1364903630,,,
CitySpark,https://s3.amazonaws.com/photos.angel.co/startups/i/29218-62f2b4793fc7f97d9db87040ff29381c-medium_jpg.jpg?buster=1344135082,,,
Lawdingo,https://s3.amazonaws.com/photos.angel.co/startups/i/99336-b950ce44b19f885e2294c954713fbf0d-medium_jpg.jpg?buster=1340506299,,,
Eponym,https://s3.amazonaws.com/photos.angel.co/startups/i/234840-e0af210496617f8761fba31ccc0b0cca-medium_jpg.jpg?buster=1374013369,,,
"Famigo, Inc.",http://s3.amazonaws.com/crunchbase_prod_assets/assets/images/resized/0006/0472/60472v2-max-250x250.png,,,
AdhereTech,https://s3.amazonaws.com/photos.angel.co/startups/i/127125-299514d7bb76506e34397ec74889cf3f-medium_jpg.jpg?buster=1379355548,,,
Tutorspree,https://s3.amazonaws.com/photos.angel.co/startups/i/28208-524177e4cfb85f910f3180ac465b5b49-medium_jpg.jpg?buster=1320956499,,,
SaleMove,https://s3.amazonaws.com/photos.angel.co/startups/i/95278-72c7ca4e128466e7e8ecb993ac8580d6-medium_jpg.jpg?buster=1375239191,,,
Appifier,https://s3.amazonaws.com/photos.angel.co/startups/i/26047-1b4a5b07db1f4b5257dfe0d9825904d0-medium_jpg.jpg?buster=1320958503,,,
Umbie DentalCare,http://s3.amazonaws.com/crunchbase_prod_assets/assets/images/resized/0032/4794/324794v1-max-250x250.jpg,,,
Openera,https://s3.amazonaws.com/photos.angel.co/startups/i/21369-33af6c5558401785d5430671981449a5-medium_jpg.jpg?buster=1349970233,,,
Prepmatic,https://s3.amazonaws.com/photos.angel.co/startups/i/81248-a35a115da43af363750255fe958d0f2f-medium_jpg.jpg?buster=1333669133,,,
Assembly,https://s3.amazonaws.com/photos.angel.co/startups/i/24598-481245573403b45a58391caebdddd207-medium_jpg.jpg?buster=1382501019,,,
Wallaby Financial,https://s3.amazonaws.com/photos.angel.co/startups/i/77625-7a62f7d9406acd55c06995ed6eeb7135-medium_jpg.jpg?buster=1332803013,,,
Shopperception,https://s3.amazonaws.com/photos.angel.co/startups/i/31777-0061c9571832de3d7377cda410930b6b-medium_jpg.jpg?buster=1326385215,,,
Fetchnotes,https://s3.amazonaws.com/photos.angel.co/startups/i/18966-2745e0f65cec2bb3dcadc55af9e63230-medium_jpg.jpg?buster=1385963535,,,
Tindie,https://s3.amazonaws.com/photos.angel.co/startups/i/127715-7efc05da6db0655755d20b9370a691c7-medium_jpg.jpg?buster=1352490004,,,
Cubie,https://s3.amazonaws.com/photos.angel.co/startups/i/83689-87d0cfb9e83f54b95f9c79f10047c881-medium_jpg.jpg?buster=1334638926,,,
Prevoty,https://s3.amazonaws.com/photos.angel.co/startups/i/185695-82860ca00daa6b48d51e78450e005564-medium_jpg.jpg?buster=1382466751,,,
72Lux,https://s3.amazonaws.com/photos.angel.co/startups/i/695-83b617f2a06a49abf02d4c55b4a73485-medium_jpg.jpg?buster=1378474262,,,
Fancred,https://s3.amazonaws.com/photos.angel.co/startups/i/101493-5ef8ffdb001188353f8cee62079ba183-medium_jpg.jpg?buster=1368744369,,,
Enhatch,https://s3.amazonaws.com/photos.angel.co/startups/i/21403-ea02c798d7a7d69fc4da2c2c740c23ab-medium_jpg.jpg?buster=1389045588,,,
Sandglaz,https://s3.amazonaws.com/photos.angel.co/startups/i/72266-472f1283f7e131f9da430eacc9c2c653-medium_jpg.jpg?buster=1351204365,,,
Rise Robotics,https://s3.amazonaws.com/photos.angel.co/startups/i/77419-99715137cc6e09f7abf37bc84754912a-medium_jpg.jpg?buster=1382750586,,,
Love With Food,https://s3.amazonaws.com/photos.angel.co/startups/i/26118-0b01be410a2633e359a449c5b726d98f-medium_jpg.jpg?buster=1318476691,,,
Sqrl,https://s3.amazonaws.com/photos.angel.co/startups/i/265551-da2e7d9aad9f916bd790bda357c36d88-medium_jpg.jpg?buster=1379372587,,,
Panna,https://s3.amazonaws.com/photos.angel.co/startups/i/88774-e593da1969db5c29d0bb7dd08718056b-medium_jpg.jpg?buster=1336485413,,,
Mattermark,https://s3.amazonaws.com/photos.angel.co/startups/i/83136-b39ffbcbf00a99ccd2261c893d51b97a-medium_jpg.jpg?buster=1375121847,,,
Pick1,https://s3.amazonaws.com/photos.angel.co/startups/i/2269-b04f6feeec62623ae9934337803a3526-medium_jpg.jpg?buster=1327372315,,,
ReelSurfer,https://s3.amazonaws.com/photos.angel.co/startups/i/75737-69d01307cdc994c3dfa071621f025be6-medium_jpg.jpg?buster=1344526422,,,
Urbita,https://s3.amazonaws.com/photos.angel.co/startups/i/31776-d0358d130ee0766221b83527ed188ef0-medium_jpg.jpg?buster=1380053513,,,
Pixowl,https://s3.amazonaws.com/photos.angel.co/startups/i/28118-002a47c9972b12d34a09530f51dee795-medium_jpg.jpg?buster=1349904888,,,
Chalkable,https://s3.amazonaws.com/photos.angel.co/startups/i/21031-c420b108c709c110caafa41974444202-medium_jpg.jpg?buster=1366515592,,,
Fashion Project,https://s3.amazonaws.com/photos.angel.co/startups/i/137045-a3a1c6a5b89085caea5d579e1de4969a-medium_jpg.jpg?buster=1386106077,,,
Freshplum,https://s3.amazonaws.com/photos.angel.co/startups/i/23086-239acc62e5d3e59e450ba1024a208938-medium_jpg.jpg?buster=1386288173,,,
Watsi,https://s3.amazonaws.com/photos.angel.co/startups/i/90458-bdca67d22fe3c295f9db420ebf498781-medium_jpg.jpg?buster=1365013199,,,
Swipesense,http://s3.amazonaws.com/crunchbase_prod_assets/assets/images/resized/0029/2714/292714v1-max-250x250.png,,,
CrowdMed,https://s3.amazonaws.com/photos.angel.co/startups/i/129941-38e426ff63e179f8402b9b6874678f24-medium_jpg.jpg?buster=1385087064,,,
BrightNest,https://s3.amazonaws.com/photos.angel.co/startups/i/31846-615d7dc41814003dd6c8e37b0835ea7b-medium_jpg.jpg?buster=1363751703,,,
Survata,https://s3.amazonaws.com/photos.angel.co/startups/i/182277-41f305e6f5c5e8c468a1567f8ce4a68d-medium_jpg.jpg?buster=1363210065,,,
Timbuktu Labs,http://s3.amazonaws.com/crunchbase_prod_assets/assets/images/resized/0017/6443/176443v5-max-250x250.png,,,
Ovuline,http://s3.amazonaws.com/crunchbase_prod_assets/assets/images/resized/0017/0252/170252v4-max-250x250.png,,,
MyVR,https://s3.amazonaws.com/photos.angel.co/startups/i/91049-d371ab472aebc2d7f50a8b62342a18e7-medium_jpg.jpg?buster=1346881328,,,
OnTheGo Platforms,https://s3.amazonaws.com/photos.angel.co/startups/i/123266-001115ef9a121690432a5a43ae7515c5-medium_jpg.jpg?buster=1364053321,,,
Markerly,https://s3.amazonaws.com/photos.angel.co/startups/i/90241-cb9b829e7f69d89f217fe4e3a7a39b69-medium_jpg.jpg?buster=1385511726,,,
Versa,https://s3.amazonaws.com/photos.angel.co/startups/i/24498-4d01f2a80acfe8b060f235c45268050f-medium_jpg.jpg?buster=1387294527,,,
NewsWhip,https://s3.amazonaws.com/photos.angel.co/startups/i/139516-1aaec961e89e9c39db5cde08db8e29b3-medium_jpg.jpg?buster=1353501623,,,
Guidecentral,https://s3.amazonaws.com/photos.angel.co/startups/i/125755-8b7688c14c498c098808e4c313e4bbd0-medium_jpg.jpg?buster=1390260561,,,
Wello,https://s3.amazonaws.com/photos.angel.co/startups/i/31748-fd4d96677ef0ee34cd02e45aae5f8e8d-medium_jpg.jpg?buster=1381799879,,,
Kamcord,https://s3.amazonaws.com/photos.angel.co/startups/i/115146-2109c6f07c0d6129664996e911547dd1-medium_jpg.jpg?buster=1371355611,,,
drchrono,https://s3.amazonaws.com/photos.angel.co/startups/i/3473-50310418d96a904694d86a8215171551-medium_jpg.jpg?buster=1335839081,,,
BioBeats,https://s3.amazonaws.com/photos.angel.co/startups/i/99298-91bed1a3ae37a4a7c5245caebd291017-medium_jpg.jpg?buster=1375542183,,,
Transcriptic,https://s3.amazonaws.com/photos.angel.co/startups/i/76047-3a6a70790ce66dc29e49b2199c65c57a-medium_jpg.jpg?buster=1383677824,,,
InVenture,https://s3.amazonaws.com/photos.angel.co/startups/i/24322-99810a874bee29a5f577d9d6ab67a120-medium_jpg.jpg?buster=1316036141,,,
Ringadoc,https://s3.amazonaws.com/photos.angel.co/startups/i/74927-2e6003dd2f4ba76a8ceb41632923f5d1-medium_jpg.jpg?buster=1359527016,,,
Spinnakr,https://s3.amazonaws.com/photos.angel.co/startups/i/23877-036b1e16427a68843934df5e21caeb10-medium_jpg.jpg?buster=1326502257,,,
Down,http://s3.amazonaws.com/crunchbase_prod_assets/assets/images/resized/0023/3764/233764v4-max-250x250.png,,,
Pricing Engine,https://s3.amazonaws.com/photos.angel.co/startups/i/24764-89b93ebe9e3f8f3d79aadf9e2df14d42-medium_jpg.jpg?buster=1316574751,,,
BuildZoom,https://s3.amazonaws.com/photos.angel.co/startups/i/67548-4cf2f5d0b603a9284292dbff305c10af-medium_jpg.jpg?buster=1328485834,,,
Chewse,https://s3.amazonaws.com/photos.angel.co/startups/i/30557-0e21e57c124019b44185d06a1158d379-medium_jpg.jpg?buster=1356033558,,,
ElectNext,https://s3.amazonaws.com/photos.angel.co/startups/i/24498-4d01f2a80acfe8b060f235c45268050f-medium_jpg.jpg?buster=1387294527,,,
Wymsee,https://s3.amazonaws.com/photos.angel.co/startups/i/132224-047cd4ab5b18c7d3471e082611e03533-medium_jpg.jpg?buster=1351476826,,,
AppAddictive,https://s3.amazonaws.com/photos.angel.co/startups/i/7091-22f32c9507bfaac7918f04778c77360b-medium_jpg.jpg?buster=1315738732,,,
OrderAhead,https://s3.amazonaws.com/photos.angel.co/startups/i/87599-ecb78252d3f07f35756c79310449d808-medium_jpg.jpg?buster=1382642743,,,
Shippable,https://s3.amazonaws.com/photos.angel.co/startups/i/162112-a54069e69c1c76a72e4335afd40be7a5-medium_jpg.jpg?buster=1384755263,,,
ZappRx,https://s3.amazonaws.com/photos.angel.co/startups/i/208868-604a21acb805b02bcf36353a9fce0e2b-medium_jpg.jpg?buster=1368655043,,,
WeHostels,https://s3.amazonaws.com/photos.angel.co/startups/i/23028-26498df32f403890bba6891fa6eb78b3-medium_jpg.jpg?buster=1365443605,,,
ThriveHive,https://s3.amazonaws.com/photos.angel.co/startups/i/22197-35ec0087d07d434c2e49e4d8057473cb-medium_jpg.jpg?buster=1315731348,,,
Bluefields,https://s3.amazonaws.com/photos.angel.co/startups/i/1248-7708a46b7e78afaf56a42bc321ea1d1a-medium_jpg.jpg?buster=1342468235,,,
Realty Mogul,https://s3.amazonaws.com/photos.angel.co/startups/i/150420-84a9013a9f880d54bd9925e19e562f12-medium_jpg.jpg?buster=1356478014,,,
Contactually,https://s3.amazonaws.com/photos.angel.co/startups/i/25513-0dcf823df06dad08d3ae275083ab4516-medium_jpg.jpg?buster=1317663528,,,
DoubleRecall,https://s3.amazonaws.com/photos.angel.co/startups/i/29047-f584cd402acd4ace572aa877062a9450-medium_jpg.jpg?buster=1321986218,,,
Zapier,https://s3.amazonaws.com/photos.angel.co/startups/i/78563-d6a685e956012e72415c2b12769e7459-medium_jpg.jpg?buster=1386814426,,,
LaunchBit,https://s3.amazonaws.com/photos.angel.co/startups/i/19331-8d52053539a23cf079ef56d26635333d-medium_jpg.jpg?buster=1329169429,,,
Kicksend,https://s3.amazonaws.com/photos.angel.co/startups/i/6028-a0c3f0a97d12c54c8a6fd64f933f759f-medium_jpg.jpg?buster=1354618605,,,
Securly,https://s3.amazonaws.com/photos.angel.co/startups/i/102724-7ab5839d5e97f3575847ca2eab81a9b1-medium_jpg.jpg?buster=1373325858,,,
Amicus,https://s3.amazonaws.com/photos.angel.co/startups/i/20331-f20e1bef2b930ed19c1c0631c835c2da-medium_jpg.jpg?buster=1341372291,,,
Mindbloom,https://s3.amazonaws.com/photos.angel.co/startups/i/58332-580978e2d0b4a927a44eb90326ac4b29-medium_jpg.jpg?buster=1326865004,,,
EDITD,https://s3.amazonaws.com/photos.angel.co/startups/i/42611-22e61c16069d81cd13003d0125eba46c-medium_jpg.jpg?buster=1328283041,,,
Apptimize,https://s3.amazonaws.com/photos.angel.co/startups/i/172493-de74294dd016ffaef3ec81d43df150ac-medium_jpg.jpg?buster=1376601088,,,
Virool,https://s3.amazonaws.com/photos.angel.co/startups/i/101592-283928b6a968597f47da6069ab9446cd-medium_jpg.jpg?buster=1345439347,,,
popexpert,https://s3.amazonaws.com/photos.angel.co/startups/i/162477-ee6b9bf8df6ac586b9fe0caf44d4e3f5-medium_jpg.jpg?buster=1386372311,,,
Loku,https://s3.amazonaws.com/photos.angel.co/startups/i/20898-4e902abae828f5920622f3787dc55ab3-medium_jpg.jpg?buster=1334078102,,,
MotherKnows,https://s3.amazonaws.com/photos.angel.co/startups/i/5084-5a0a354a2ae748d4e92a2103c5767aef-medium_jpg.jpg?buster=1350424608,,,
Exec,https://s3.amazonaws.com/photos.angel.co/startups/i/76645-b921b47d5be232e71d18b3794707fa1a-medium_jpg.jpg?buster=1331922333,,,
FormaFina,https://s3.amazonaws.com/photos.angel.co/startups/i/77926-85acbf211a4550dc0cdf15c569f5a4e9-medium_jpg.jpg?buster=1332463502,,,
SocialWire,https://s3.amazonaws.com/photos.angel.co/startups/i/15077-c2b334f1a834c15833e2ab3e5ad644da-medium_jpg.jpg?buster=1329939469,,,
Plivo,https://s3.amazonaws.com/photos.angel.co/startups/i/27869-ed69b53f55006fff52d05a61cbc152dc-medium_jpg.jpg?buster=1374723197,,,
SmartAsset,https://s3.amazonaws.com/photos.angel.co/startups/i/85122-c742a92e24a483c4037d5ad2ec4070cb-medium_jpg.jpg?buster=1335286337,,,
Embarke,https://s3.amazonaws.com/photos.angel.co/startups/i/149892-0cf6db002bcd9a63fbd3a903098e03a0-medium_jpg.jpg?buster=1384497213,,,
Zendrive,https://s3.amazonaws.com/photos.angel.co/startups/i/161392-c1a8cbf859d36d456084eae6eecc4cf5-medium_jpg.jpg?buster=1377676627,,,
AppStack,https://s3.amazonaws.com/photos.angel.co/startups/i/21301-973a7a275e6c894d91ef4caad4990422-medium_jpg.jpg?buster=1319139972,,,
Couple,https://s3.amazonaws.com/photos.angel.co/startups/i/77770-9937ffb3ac2668fd0050d939f07d9ab0-medium_jpg.jpg?buster=1361399235,,,
FIGS,https://s3.amazonaws.com/photos.angel.co/startups/i/103036-3afcae8c068ca6a5c406a1fefd497c0e-medium_jpg.jpg?buster=1375134253,,,
Placester,https://s3.amazonaws.com/photos.angel.co/startups/i/44849-c493b130ccee0c67313008514a77a2eb-medium_jpg.jpg?buster=1370444154,,,
ZenPayroll,https://s3.amazonaws.com/photos.angel.co/startups/i/78720-5fd32474df5e2975289243a099b78635-medium_jpg.jpg?buster=1332831285,,,
Space Monkey,https://s3.amazonaws.com/photos.angel.co/startups/i/13779-a2f34777456e7e235236b7931acffd44-medium_jpg.jpg?buster=1377001781,,,
9GAG,https://s3.amazonaws.com/photos.angel.co/startups/i/19563-3bb24ef47482a01ad8e319328f00ca82-medium_jpg.jpg?buster=1355795963,,,
Guardly,https://s3.amazonaws.com/photos.angel.co/startups/i/106063-d7a3cbddce3a57cf219eaa6cf8ddb310-medium_jpg.jpg?buster=1342582298,,,
TrustEgg,https://s3.amazonaws.com/photos.angel.co/startups/i/28064-0fbde88bb773cea817304d307ddbf694-medium_jpg.jpg?buster=1356994938,,,
NoRedInk,https://s3.amazonaws.com/photos.angel.co/startups/i/115616-d46b44dca825cd851aca9d59e8cc1e4d-medium_jpg.jpg?buster=1345548640,,,
SupplyHog,https://s3.amazonaws.com/photos.angel.co/startups/i/125280-2ec744eae29274d4a260b622d9a3fc81-medium_jpg.jpg?buster=1348494949,,,
mParticle,https://s3.amazonaws.com/photos.angel.co/startups/i/221541-38135d80136b3b18be0b29594350f55c-medium_jpg.jpg?buster=1378335437,,,
Sproutling,https://s3.amazonaws.com/photos.angel.co/startups/i/78769-fe8f3e4e6f3f15094e84d031d6059a55-medium_jpg.jpg?buster=1376448956,,,
Athos,https://s3.amazonaws.com/photos.angel.co/startups/i/132238-4aa720346f88b14be274fb4a7f7163ae-medium_jpg.jpg?buster=1384748259,,,
Pymetrics,https://s3.amazonaws.com/photos.angel.co/startups/i/135880-2b066b8ce65bd793d592f3655545f0d7-medium_jpg.jpg?buster=1387133627,,,
Colingo,https://s3.amazonaws.com/photos.angel.co/startups/i/13300-3d817dac624c7d756da67ff41590b9e2-medium_jpg.jpg?buster=1315737248,,,
Voxeet,https://s3.amazonaws.com/photos.angel.co/startups/i/121610-8f3bcbe49baa9b5c01eca3c53bd44ed4-medium_jpg.jpg?buster=1371438551,,,
Drizly,https://s3.amazonaws.com/photos.angel.co/startups/i/287637-594c1a011d6a36638f16e4b533c6497d-medium_jpg.jpg?buster=1385072202,,,
Narrative,https://s3.amazonaws.com/photos.angel.co/startups/i/135469-642768111a8b5171513d2ff94bd449d6-medium_jpg.jpg?buster=1384434246,,,
ALOHA,http://s3.amazonaws.com/crunchbase_prod_assets/assets/images/resized/0036/2129/362129v2-max-250x250.png,,,
HipCricket,http://s3.amazonaws.com/crunchbase_prod_assets/assets/images/resized/0012/1643/121643v1-max-250x250.png,,,